GF_ID,Year_approx,Year_exact,Month,Day,Lake_name,Glacier_name,GL_ID,LakeDB_ID,G_ID,Lat_lake,Lon_lake,Elev_lake,Lat_impact,Lon_impact,Elev_impact,Impact_type,Lake_type,Transboundary,Repeat,Region_RGI,Region_HiMAP,Country,Province,River_Basin,Driver_lake,Driver_GLOF,Mechanism,Area,Volume,Discharge_water,Discharge_solid,Impact,Lives_total,Lives_male,Lives_female,Lives_disabilities,Injured_total,Injured_male,Injured_female,Injured_disabilities,Displaced_total,Displaced_male,Displaced_female,Displaced_disabilities,Livestock,Residential_destroyed,Commerical_destroyed,Residential_damaged,Commerical_damaged,Infra,Agricultural,Hydropower,Econ_damage,Sat_evidence,Ref_scientific,Ref_scientific_full,Ref_other,Remarks
470,2015,2015,7,NA,Unknown,Unnamed,No lake,NA,G071819E36230N,36.22,71.775,4068,36.192,71.672,2530,Observation,Water pocket,Y,N,14_1,8,Pakistan,Khyber Pakhtunkhwa,Arkary,Unknown,Unknown,Unknown,,,,,,,,,,,,,,,,,,,,,,,,,,,,(This study),,monitoring by AKAH,
471,2015,2015,7,NA,Bindo Gol,Bindo,Ephemeral,NA,G071865E36195N,36.174,71.898,4572,36.151,71.939,3263,Observation,Unknown,Y,Y,14_1,8,Pakistan,Khyber Pakhtunkhwa,Chitral,Unknown,Intense rainfall; high temperatures,Unknown,, , , ,,3, , , ,,,, ,,,,, ,+,,,,"Road , Power station, irrigation, water system",,,,,(This study),,https://www.thethirdpole.net/en/climate/glacier-floods-cause-humanitarian-crisis-in-chitral/; https://www.chitraltoday.net/2015/07/bindu-gol-flooding-glof-project-interventions-minimized-losses/,
472,2015,2015,7,23,Unnamed,Aksay,Not mapped,NA,G074556E42520N,42.528,74.5405,3637,42.552627,74.483331,2255,Deposit,Water pocket,N,Y,13_3,4,Kyrgyzstan,,Ala Archa,Unknown,Unknown,Unknown,4400,,,,,,,,,,,,,,,,,,,,,,,,,,,"(Zaginaev et al., 2016)","Zaginaev, V., Ballesteros-Cánovas, J.A., Erokhin, S., Matov, E., Petrakov, D., Stoffel, M., 2016. Reconstruction of glacial lake outburst floods in northern Tien Shan: Implications for hazard assessment. Geomorphology 269, 75–84. https://doi.org/10.1016/j.geomorph.2016.06.028",,
473,2015,2015,7,NA,Unknown,Gargoh,Ephemeral,NA,G074653E35983N,35.997077,74.665676,3887,NA,NA,NA,NA,Supraglacial,N,Y,14_2,9,Pakistan,Gilgit - Baltistan,Bagrot,Unknown,Unknown,Unknown,,,,,,,,,,,,,,,,,,,+,,,,,+,,,,(This study),,https://www.reuters.com/article/pakistan-glaciers-floods-idUSL8N14G0IB20151227; https://globalcryospherewatch.org/meetings/salekhard2016/presentations/3.1.3.j-K.Uddin-Pakistan%20cryospheric%20activities.pdf,
474,2015,2015,7,23,Lake number 1,Kargalinka,Not mapped,NA,G076853E42998N,43.0067,76.8477,3523,43.137,76.865,1350,Deposit,Supraglacial,N,Y,13_3,4,Kazakhstan,,Kargaly,Unknown,High temperatures,Subglacial tunnel,40000,325000,5,25,,,,,,76,,,,1000,,,,,,,127,,,,,,,"(This study; Medeu et al., 2022)","Medeu, A.R., Popov, N.V., Blagovechshenskiy, V.P., Askarova, M.A., Medeu, A.A., Ranova, S.U., Kamalbekova, A., Bolch, T., 2022. Moraine-dammed glacial lakes and threat of glacial debris flows in South-East Kazakhstan. Earth-Science Reviews 103999. https://doi.org/10.1016/j.earscirev.2022.103999",https://earthobservatory.nasa.gov/images/86300/glacier-lake-outburst-flood-near-almaty,
475,2015,2015,7,15,Kyagar,Unnamed,GL077181E35675N,"2, 3, 4",G077158E35562N,35.677371,77.190788,4880,37.982034,76.877846,1450,Observation,Ice dammed,N,Y,14_2,9,China,Xinjiang,Yarkant,Surging glacier,Unknown,Unknown,,51100000,,,,,,,,,,,,,,,,,,,,,,,,,,"(Round et al., 2017; Bazai et al., 2021)","Round, V., Leinss, S., Huss, M., Haemmig, C., Hajnsek, I., 2017. Surge dynamics and lake outbursts of Kyagar Glacier, Karakoram. The Cryosphere 11, 723–739. https://doi.org/10.5194/tc-11-723-2017; Bazai, N.A., Cui, P., Carling, P.A., Wang, H., Hassan, J., Liu, D., Zhang, G., Jin, W., 2021. Increasing glacial lake outburst flood hazard in response to surge glaciers in the Karakoram. Earth-Science Reviews 212, 103432. https://doi.org/10.1016/j.earscirev.2020.103432",,Lake developed in winter 2014 and expanded to 07/04/2015. By 07/04/2015 the peak lake volume before flood 9.83x106 m3 with a lake area 0.65km2. By 07/15/2015 the outburst flood volume reached 51.1 9.83x106 m3 (Round et al. 2017). The lake reformed during winter 2015
476,2015,2015,NA,NA,Merzbacher,Southern Inylshek,GL079841E42200N,2,G080193E42063N,42.196,79.847,3271,NA,NA,NA,NA,Ice dammed,N,Y,13_3,3,Kyrgyzstan,,Inylchek,Unknown,Unknown,Subglacial tunnel,,,,,,,,,,,,,,,,,,,,,,,,,,,,"(Shangguan et al., 2017; Kingslake and Ng, 2013)","Shangguan, D., Ding, Y., Liu, S., Xie, Z., Pieczonka, T., Xu, J., Moldobekov, B., 2017. Quick Release of Internal Water Storage in a Glacier Leads to Underestimation of the Hazard Potential of Glacial Lake Outburst Floods From Lake Merzbacher in Central Tian Shan Mountains. Geophysical Research Letters 44, 9786–9795. https://doi.org/10.1002/2017GL074443; Kingslake, J., Ng, F., 2013. Quantifying the predictability of the timing of jökulhlaups from Merzbacher Lake, Kyrgyzstan. Journal of Glaciology 59, 805–818. https://doi.org/10.3189/2013JoG12J156",,
477,2015,2015,4,25,Dig Tsho,Langmoche,GL086586E27874N,2,G086569E27865N,27.874,86.594,4387,NA,NA,NA,NA,Moraine dammed,Y,Y,15_2,11,Nepal,Koshi,Dudh Koshi,Unknown,Ice avalanche,Unknown,,,,,,,,,,,,,,,,,,,,,,,Several bridges,,,,,"(Byers et al., 2022)","Byers, A.C., Shugar, D.H., Chand, M.B., Portocarrero, C., Shrestha, M., Rounce, D.R., Watanabe, T., 2022. Three Recent and Lesser-Known Glacier-Related Flood Mechanisms in High Mountain Environments. mred 42, A12–A22. https://doi.org/10.1659/MRD-JOURNAL-D-21-00045.1",,
478,2015,2015,5,25,Unknown,Lhotse,Ephemeral,NA,G086915E27923N,27.906,86.891,4978,27.90054,86.86313,4630,Observation,Supraglacial,Y,Y,15_2,11,Nepal,Koshi,Dudh Koshi,Unknown,Unknown,Supraglacial lake drainage,,345000,210,,,,,,,,,,,,,,,,,,,,"Loss of a pedestrian bridge, an outbuilding, and small amounts of floodwater in the courtyard of one lodge.",,,,,"(Rounce et al., 2017)","Round, V., Leinss, S., Huss, M., Haemmig, C., Hajnsek, I., 2017. Surge dynamics and lake outbursts of Kyagar Glacier, Karakoram. The Cryosphere 11, 723–739. https://doi.org/10.5194/tc-11-723-2017",,"3 landslide-like features began flowing down a south-facing slope, followed by large discharge water from three englacial conduits and one supraglacial stream"
479,2015,2015,NA,NA,Jin Co/Yindapu Co,Unnamed,GL087909E27951N,"2, 3, 4",G087888E27924N,27.951,87.908,5172,27.988,87.951,4886,Deposit,Moraine dammed,Y,Y,15_2,11,China,TAR,Pumqu,Unknown,Unknown,Unknown,,,,,,,,,,,,,,,,,,,,,,,,,,,,"(Veh et al., 2019)","Veh, G., Korup, O., von Specht, S., Roessner, S., Walz, A., 2019. Unchanged frequency of moraine-dammed glacial lake outburst floods in the Himalaya. Nature Climate Change 9, 379–383. https://doi.org/10.1038/s41558-019-0437-5",,GLOF predicted between 2015-10-09 and 2015-10-25 based on satellite image
480,2015,2015,7,28,Lemthang Tsho ,Unnamed,GL089581E28069N,"2, 3, 4",G089558E28088N,28.069,89.58,4263,28.004,89.735,3265,Deposit,Supraglacial,Y,N,15_2,12,Bhutan,Punakha,Mo Chhu ,Unknown,Intense rainfall,Unknown,,370000,1562,,30 km from the source,,,,,,,,,,,,,4,,washed away 148 pieces of timber,,,4 bridges washed away,4050,,14600,,"(Gurung et al., 2017)","Gurung, D.R., Khanal, N.R., Bajracharya, S.R., Tsering, K., Joshi, S., Tshering, P., Chhetri, L.K., Lotay, Y., Penjor, T., 2017. Lemthang Tsho glacial Lake outburst flood (GLOF) in Bhutan: cause and impact. Geoenvironmental Disasters 4, 17. https://doi.org/10.1186/s40677-017-0080-2",,
481,2015,2015,7,3,Tulaco,Unnamed,Ephemeral,NA,G094248E30745N,30.736667,94.253056,5040,30.707339,94.261859,3970,Observation,Supraglacial,N,N,13_9,18,China,TAR,,Unknown,Unknown,Dam piping,,,,,,,,,,,,,,,,,,,2,,,,"21 farming machines were damaged, and arable land and seedlings were washed away.",,,,,(Liu et al. 2019),"Liu, J., Zhang, J., Bo, G., 2019. An overview of glacial lake outburst floods in Tibet, China. Journal of Glaciology and Geocryology 41. http://www.bcdt.ac.cn/EN/10.7522/j.issn.1000-0240.2019.0073 ",,
703,2015,2015,NA,NA,Unnamed,Unnamed,Ephemeral,Na,G086920E27761N,27.75944444,86.92222222,5306,27.753316,86.936792,4734,Deposit,Moraine dammed,N,N,,,Nepal,Province No. 1,Dudh Koshi,Unknown,Unknown,Unknown,,,,,,,,,,,,,,,,,,,,,,,,,,,,(This study),,,
710,2015,2015,7,NA,Kurumdy,Unknown,Ephemeral,NA,G077220E41948N,41.965201,77.213904,3688,NA,NA,NA,NA,Moraine dammed,N,N,13_3,4,Kyrgyzstan,,,Unknown,Unknown,Unknown,,,,,,,,,,,,,,,,,,,,,,,,,,,,(this study),,,
482,2016,2016,7,17,Kyagar,Unnamed,GL077181E35675N,"2, 3, 4",G077158E35562N,35.677371,77.190788,4880,37.982034,76.877846,1450,Observation,Ice dammed,N,Y,14_2,9,China,Xinjiang,Yarkant,Surging glacier,Unknown,Unknown,,42300000,,,,,,,,,,,,,,,,,,,,,,,,,,"(Round et al., 2017; Bazai et al., 2021)","Round, V., Leinss, S., Huss, M., Haemmig, C., Hajnsek, I., 2017. Surge dynamics and lake outbursts of Kyagar Glacier, Karakoram. The Cryosphere 11, 723–739. https://doi.org/10.5194/tc-11-723-2017; Bazai, N.A., Cui, P., Carling, P.A., Wang, H., Hassan, J., Liu, D., Zhang, G., Jin, W., 2021. Increasing glacial lake outburst flood hazard in response to surge glaciers in the Karakoram. Earth-Science Reviews 212, 103432. https://doi.org/10.1016/j.earscirev.2020.103432",,Lake area increased between 06/04/2016 and 06/20/2016 and outburst occurred before 07/30/2016. By 07/14/2016 the peak volume before flood 43.89x106 m3 with a lake area 1.73km2. Round et al. (2017) reported rapid drainage on 07/17/2016. Peak outburst volume 42.3 x106 m3
483,2016,2016,8,11,Kyagar,Unnamed,GL077181E35675N,"2, 3, 4",G077158E35562N,35.677371,77.190788,4880,37.982034,76.877846,1450,Observation,Ice dammed,N,Y,14_2,9,China,Xinjiang,Yarkant,Surging glacier,Unknown,Unknown,,13320000,,,,,,,,,,,,,,,,,,,,,,,,,,"(Round et al., 2017; Bazai et al., 2021)","Round, V., Leinss, S., Huss, M., Haemmig, C., Hajnsek, I., 2017. Surge dynamics and lake outbursts of Kyagar Glacier, Karakoram. The Cryosphere 11, 723–739. https://doi.org/10.5194/tc-11-723-2017; Bazai, N.A., Cui, P., Carling, P.A., Wang, H., Hassan, J., Liu, D., Zhang, G., Jin, W., 2021. Increasing glacial lake outburst flood hazard in response to surge glaciers in the Karakoram. Earth-Science Reviews 212, 103432. https://doi.org/10.1016/j.earscirev.2020.103432",,"Flood occurred on 08/11/2016 (Round et al., 2017), while by July 30, 2016 the peak volume before flood 13.32 x 106 m3 with a lake area 0.98km2 . The lake reformed by December 2016"
484,2016,2016,5,7,Gongbatongsha Co,Unnamed,GL086064E28078N,2,G086080E28080N,28.078,86.064,4624,27.91265,85.9234,1340,Observation,Moraine dammed,Y,N,15_2,11,China,TAR,Poiqu,Unknown,Intense rainfall,Unknown,,,,,,,,,,,,,,,,,,,,,77,,"Hydropower, 3 bridges",,45,70000000,,"(Cook et al., 2018; Miaomiao, Liu and Gao, 2021; Zhang et al., 2021)","Cook, K.L., Andermann, C., Gimbert, F., Adhikari, B.R., Hovius, N., 2018. Glacial lake outburst floods as drivers of fluvial erosion in the Himalaya. Science 362, 53–57. https://doi.org/10.1126/science.aat4981; Miaomiao, Q., Liu, S., Gao, Y., 2021. Zhangmu and Gyirong ports under the threat of glacial lake outburst flood. Sciences in Cold and Arid Regions 12, 461–476; Zhang, T., Wang, W., Gao, T., An, B., 2021. Simulation and Assessment of Future Glacial Lake Outburst Floods in the Poiqu River Basin, Central Himalayas. Water 13(10), 1376. https://doi.org/10.3390/w13101376",,
485,2016,2016,6,12,Unknown,Lhotse,Ephemeral,NA,G086915E27923N,27.906,86.891,4978,27.90054,86.86313,4630,Observation,Supraglacial,Y,Y,15_2,11,Nepal,Koshi,Dudh Koshi,Unknown,Unknown,Supraglacial lake drainage,,,,,,,,,,,,,,,,,,,,,,,,,,,,"(Rounce et al., 2017)","Round, V., Leinss, S., Huss, M., Haemmig, C., Hajnsek, I., 2017. Surge dynamics and lake outbursts of Kyagar Glacier, Karakoram. The Cryosphere 11, 723–739. https://doi.org/10.5194/tc-11-723-2017",,
486,2017,2017,8,8,Chelektor,Unnamed,Not mapped,NA,G074699E42402N,42.4,74.7,3837,NA,NA,NA,NA,Moraine dammed,N,N,13_3,4,Kyrgyzstan,,Nooruz,Unknown,Unknown,Overtopping,,,,,,,,,,,,,,,,,,,,,1,,Electric poles,,,,,"(Daiyrov et al., 2020)","Daiyrov, M., Narama, C., Kääb, A., Tadono, T., 2020. Formation and Outburst of the Toguz-Bulak Glacial Lake in the Northern Teskey Range, Tien Shan, Kyrgyzstan. Geosciences 10, 468. https://doi.org/10.3390/geosciences10110468",,
487,2017,2017,7,28,Unnamed,Khurdopin ,Ephemeral,NA,G075438E36192N,36.344239,75.474953,3223,36.439939,75.311226,3062,Observation,Ice dammed,N,Y,14_2,9,Pakistan,Gilgit - Baltistan,Hunza,Surging glacier,Unknown,Subglacial tunnel,80000,3240000,,,,,,,,,,,,,,,,,,,,,"Damage to bridges, farmland and orchards",,,,,(This study),,"reporting by local villagers, documentation from satellite imagery",
488,2017,2017,8,4,Unknown,Unnamed,Not mapped,NA,G076733E34586N,34.588,76.733,5120,34.504,76.63,2835,Observation,Moraine dammed,Y,N,14_2,10,India,Ladakh,Indus,Unknown,Unknown,Unknown,,,,,,4,,,,,,,,,,,,,,,,,Bridge destroyed,,,,,(This study),,https://confit.atlas.jp/guide/event-img/jpgu2018/ACC28-P03/public/pdf?type=in&lang=en,"Few details, but source can be traced from satellite imagery"
489,2017,2017,8,10,Kyagar,Unnamed,GL077181E35675N,"2, 3, 4",G077158E35562N,35.677371,77.190788,4880,37.982034,76.877846,1450,Observation,Ice dammed,N,Y,14_2,9,China,Xinjiang,Yarkant,Surging glacier,Unknown,Unknown,2580000,114990000,,,,,,,,,,,,,,,,,,,,,,,,,,"(Bazai et al., 2021)","Bazai, N.A., Cui, P., Carling, P.A., Wang, H., Hassan, J., Liu, D., Zhang, G., Jin, W., 2021. Increasing glacial lake outburst flood hazard in response to surge glaciers in the Karakoram. Earth-Science Reviews 212, 103432. https://doi.org/10.1016/j.earscirev.2020.103432",,Lake area increased to peak 08/10/2017 and outburst between 08/10/2017 and 08/26/2017. The peak volume before flood 114.99x106 m3 with a lake area 2.93km2. This is the second biggest lake since 2000
490,2017,2017,7,15,Unknown,Changri Shar,Ephemeral,NA,G086808E28006N,27.981275,86.818062,5200,27.889,86.819,4248,Observation,Supraglacial,Y,N,15_2,11,Nepal,Koshi,Dudh Koshi,Glacier melt,Water level rise; water temperature rise,Englacial tunnel,,1360000,,,,,,,,,,,,,,,,,,,,,,,,,,"(Miles et al., 2018)","Miles, E.S., Watson, C.S., Brun, F., Berthier, E., Esteves, M., Quincey, D.J., Miles, K.E., Hubbard, B., Wagnon, P., 2018. Glacial and geomorphic effects of a supraglacial lake drainage and outburst event, Everest region, Nepal Himalaya. The Cryosphere 12, 3891–3905. https://doi.org/10.5194/tc-12-3891-2018",,
491,2017,2017,4,20,Langmale ,Barun ,GL087138E27812N,"2, 3",G087145E27832N,27.814,87.141,5026,27.72654,87.22062,3130,Observation,Moraine dammed,Y,N,15_2,11,Nepal,Koshi,Arun,Unknown,Rockfall,Unknown,,1300000,4400,,"downstream riverside communities in Bhojpur and Dhankuta, displaced 10 families",,,,,,,,,50,,,,24,80,,,,Hundreds of hectares of grazing and forest land,1000000,,,,"(Byers et al., 2019)","Byers, A.C., Rounce, D.R., Shugar, D.H., Lala, J.M., Byers, E.A., Regmi, D., 2019. A rockfall-induced glacial lake outburst flood, Upper Barun Valley, Nepal. Landslides 16, 533–549. https://doi.org/10.1007/s10346-018-1079-9",,
701,2017,2017,NA,NA,Unnamed,Unnamed,GL098004E28718N ,NA,G098008E28734N,28.7169,98.0036,4657,NA,NA,NA,NA,Moraine dammed,N,N,,,China,TAR,,Unknown,Unknown,Moraine collapse,,,,,,,,,,,,,,,,,,,,,,,Bridges and roads,,,,,(This study),,,
492,2018,2018,7,11,Pishkandah ,Pishkandah,Ephemeral,NA,G069627E35472N,35.471115,69.624574,4495,35.396,69.694,2109,Observation,Moraine dammed,N,N,14_1,8,Afghanistan,Panjshir,Panjshir,Glacier melt,Water level rise,Ice core thawing,50000, , ,,,10,8,2, ,,,, ,,,,, ,256,100,,,"Two bridges, 400 m of Irrigation canal destroyed",, ,,,(This study),,"reporting by local villagers, documentation from satellite imagery","The main Panjshir River was dammed and a temporary lake was formed in the river. The lake formation further inundated agricultural land, houses, and roads along the river up to 1.7 km"
493,2018,2018,7,17,Badswat ,Unnamed,Ephemeral,NA,G074052E36491N,36.505,74.06,4024,36.538,74.018,2570,Observation,Water pocket,N,N,14_2,9,Pakistan,Gilgit - Baltistan,Ishkoman,Unknown,Intense rainfall,Subglacial tunnel,,,,,,,,,,,,,,,,,,,40,12,,,Road blocked,260000,,,,"(This study; Anwar et al., 2020)","Anwar, W., Deedar K., U Wahab, K Din, and D. R. Gurung. 2020. “Badswat Lake Outburst Flood and Debris Dammed Lake: A Case Study.” In Debris Flows: Disasters, Risk, Forecast, Protection Proceedings of the 6th Conference (Tajikistan). Dushanbe. ",,
494,2018,2018,3,25,Unnamed,Khurdopin ,Ephemeral,NA,G075438E36192N,36.344239,75.474953,3223,36.439939,75.311226,3062,Observation,Ice dammed,N,Y,14_2,9,Pakistan,Gilgit - Baltistan,Hunza,Surging glacier,Unknown,Subglacial tunnel,390000,9000000,,,,,,,,,,,,,,,,,,,,,"Damage to bridge/road, damage to orchards and farmland erosion",,,,,(This study),,"reporting by local villagers, documentation from satellite imagery",
495,2018,2018,5,10,Unnamed,Khurdopin ,Ephemeral,NA,G075438E36192N,36.344239,75.474953,3223,36.439939,75.311226,3062,Observation,Ice dammed,N,Y,14_2,9,Pakistan,Gilgit - Baltistan,Hunza,Surging glacier,Unknown,Subglacial tunnel,20000,,,,,,,,,,,,,,,,,,,,,,,,,,,(This study),,"reporting by local villagers, documentation from satellite imagery",
496,2018,2018,8,10,Kyagar,Unnamed,GL077181E35675N,"2, 3, 4",G077158E35562N,35.677371,77.190788,4880,37.982034,76.877846,1450,Observation,Ice dammed,N,Y,14_2,9,China,Xinjiang,Yarkant,Surging glacier,Unknown,Unknown,2270000,114990000,,,,,,,,,,,,,,,,,,,,,,,,,,"(Zhang et al., 2020; Bazai et al., 2021)","Zhang, M., Chen, F., Tian, B., Liang, D., Yang, A., 2020. Characterization of Kyagar Glacier and Lake Outburst Floods in 2018 Based on Time-Series Sentinel-1A Data. Water 12(1), 184. https://doi.org/10.3390/w12010184; Bazai, N.A., Cui, P., Carling, P.A., Wang, H., Hassan, J., Liu, D., Zhang, G., Jin, W., 2021. Increasing glacial lake outburst flood hazard in response to surge glaciers in the Karakoram. Earth-Science Reviews 212, 103432. https://doi.org/10.1016/j.earscirev.2020.103432",,"Since the partial drainage by GLOF in 2017 the lake persisted through the winter and in the spring of 2018 the lake expanded with a peak volume by August 08, 2018 of 85.98 x 106 m3 with a lake area 2.38km2. "
497,2018,2018,7,8,Unknown,Unnamed,GL086321E28245N,"2, 3, 4",G086334E28254N,28.244,86.321,5390,28.219,86.283,4850,Deposit,Moraine dammed,Y,N,15_2,11,China,TAR,Rongxia,Unknown,Intense rainfall,Unknown,,,,,,,,,,,,,,,,,,,,,,,,,,,,(This study),,"reporting by local villagers, documentation from satellite imagery",
700,2018,2018,7,NA,Dagongba,Unnamed,Not mapped,NA,NA,29.581,101.804,4104,NA,NA,NA,NA,Moraine dammed,N,N,,,China,Sichuan,Yangtze,Unknown,Unknown,Permafrost thaw,,,,,,,,,,,,,,,,,,,,,,,Bridges and hydroelectric installation,,,,,(This study),,,
498,2019,2019,7,7,Rogheli,Rogheli,Ephemeral,NA,G071968E35847N,35.853,71.968,4490,35.938,71.98,1950,Observation,Supraglacial,Y,Y,14_1,8,Pakistan,Khyber Pakhtunkhwa,Chitral ,Unknown,Intense rainfall; high temperatures,Supraglacial lake drainage,30000,,,,,,,,,,,,,,,,,,10,,40,,"More than 10 kms valley oads washed away, four bridges were damaged, water supply schemes, flood protection works, civil irrigation",+,108,18500000,,,,https://www.dawn.com/news/1495655; https://reliefweb.int/report/pakistan/golain-chitral-glof-event-preliminary-report-7-july-2019,"Debris, boulder flow damaged village (Peshgun); 10 houses destroyed completely and 40 houses partially damaged"
499,2019,2019,6,22,Shisper ,Hassanabad I,Ephemeral,NA,G074619E36437N,36.35594,74.572267,2605,36.292162,74.609227,2030,Observation,Ice dammed,N,Y,14_2,9,Pakistan,Gilgit - Baltistan,Hunza,Surging glacier,High temperatures,Subglacial tunnel,370000,,142,,,,,,,,,,,,,,,,,,,,,,,,,(This study),,"reporting by local villagers, documentation from satellite imagery",
500,2019,2019,8,14,Lake number 1,Kargalinka,Not mapped,NA,G076853E42998N,43.0067,76.8477,3523,43.137,76.865,1350,Deposit,Supraglacial,N,Y,13_3,4,Kazakhstan,,Kargaly,Unknown,High temperatures,Subglacial tunnel,40000,200000,5,30,,,,,,,,,,,,,,,,,,,,,,,,(Medeu et al. 2022),"Medeu, A.R., Popov, N.V., Blagovechshenskiy, V.P., Askarova, M.A., Medeu, A.A., Ranova, S.U., Kamalbekova, A., Bolch, T., 2022. Moraine-dammed glacial lakes and threat of glacial debris flows in South-East Kazakhstan. Earth-Science Reviews 103999. https://doi.org/10.1016/j.earscirev.2022.103999",,
501,2019,2019,7,25,Kyagar,Unnamed,GL077181E35675N,"2, 3, 4",G077158E35562N,35.677371,77.190788,4880,37.982034,76.877846,1450,Observation,Ice dammed,N,Y,14_2,9,China,Xinjiang,Yarkant,Surging glacier,Unknown,Unknown,910000,,,,,,,,,,,,,,,,,,,,,,,,,,,(This study),,"reporting by local villagers, documentation from satellite imagery",
502,2019,2019,8,8,Toguz-Bulak,Toguz-Bulak,GL077267E41978N,"2, 3, 4",G077263E41958N,41.977646,77.266932,3764,NA,NA,NA,NA,Moraine dammed,N,N,13_3,4,Kyrgyzstan,,Toguzbulak,Unknown,Unknown,Ice core thawing,,,,,,,,,,,,,,,,,,,,,,,,,,,,"(Daiyrov et al., 2020)","Daiyrov, M., Narama, C., Kääb, A., Tadono, T., 2020. Formation and Outburst of the Toguz-Bulak Glacial Lake in the Northern Teskey Range, Tien Shan, Kyrgyzstan. Geosciences 10, 468. https://doi.org/10.3390/geosciences10110468",,
503,2019,2019,6,20,Thorthormi,Thorthormi,GL090263E28106N,"2, 3, 4",G090278E28132N,28.106,90.263,4451,28.085,90.206,4126,Observation,Moraine dammed,Y,N,15_2,12,Bhutan,Punakha,Pho Chhu ,Glacier melt,"Ice avalanche, water level rise",Moraine collapse,,,,,,,,,,,,,,,,,,,,,,,Automatic water level station,,,,,(This study),,https://www.nchm.gov.bt/attachment/ckfinder/userfiles/files/Report_on_Thorthormi_assessment_2019.pdf,
740,2019,2019,8,14,Lake 1,Kargalinka,Not mapped,NA,G076853E42998N,43.01,76.85,3520,NA,NA,NA,Observation,Moraine dammed,N,N,13_3,4,Kazakhstan,,,Unknown,Unknown,Unknown,,,,,,,,,,,,,,,,,,,,,,,,,,,,"(Shahgedanova et al., 2024)","Shahgedanova, M., Saidaliyeva, Z., Mussina, A. et al. Debris flows in the northern Tien Shan, Central Asia: regional database, meteorological triggers, and trends. npj Nat. Hazards 1, 49 (2024). https://doi.org/10.1038/s44304-024-00050-7",,
504,2020,2020,7,13,Rogheli,Rogheli,Ephemeral,NA,G071968E35847N,35.853,71.968,4490,35.938,71.98,1950,Observation,Supraglacial,Y,Y,14_1,8,Pakistan,Khyber Pakhtunkhwa,Chitral,Unknown,Intense rainfall; high temperatures,Supraglacial lake drainage,30000,,,,,,,,,,,,,,,,,,,,,,,,,,,,,https://www.dawn.com/news/1568889,
505,2020,2020,8,14,Yarkhun,Yarkhun,Ephemeral,NA,G073026E36857N,36.85265,73.02295,4937,36.797274,73.034496,3170,Observation,Unknown,Y,N,14_1,8,Pakistan,Khyber Pakhtunkhwa,Chitral,Glacier melt,Unknown,Unknown,1688,,,,,,,1,,,,,,,,,,,17,,33,,,,,,,(This study),,https://nation.com.pk/17-Aug-2020/girl-dies-25-huts-damaged-in-glacial-lake-outburst,"25 houses were damaged, 17 were washed away, 8 houses were partially damaged"
506,2020,2020,5,29,Shisper ,Hassanabad I,Ephemeral,NA,G074619E36437N,36.35594,74.572267,2605,36.292162,74.609227,2030,Observation,Ice dammed,N,Y,14_2,9,Pakistan,Gilgit - Baltistan,Hunza,Surging glacier,High temperatures,Subglacial tunnel,420000, ,85,,, , , , ,,,,,,,, , ,115, ,,,"Drinking water pipeline, >6000 trees",160000, ,4000000,,(This study),,"reporting by local villagers, documentation from satellite imagery",Debris discharge observed
507,May to June 2020,2020,NA,NA,Unnamed,Unnamed,GL081664E30164N,"2, 3, 4",G081660E30157N,30.164,81.665,4907,30.163,81.681,4592,Deposit,Moraine dammed,Y,N,15_1,11,Nepal,Karnali,Humla,Unknown,Unknown,Unknown,,,,,,,,,,,,,,,,,,,,,,,,,,,LC08_L2SP_144039_20200518_20200820_02_T1 and LC08_L2SP_144039_20200619_20200823_02_T1,(This study),,documentation from satellite imagery,
508,2020,2020,6,26,Jinwuco,Jinwu ,GL093631E30357N,"2, 3, 4",G093636E30321N,30.356,93.631,4447,NA,NA,NA,NA,Moraine dammed,N,N,13_9,18,China,TAR,Yigong Zangbo,Unknown,High temperatures; intense rainfall; landslide,Unknown,,9500000,,,,,,,,,,,,,,,,,10,,1,,"43.9 km of road washed away, 18 bridges damaged",200000,,,,"(Zheng et al., 2021)","Zheng, G., Mergili, M., Emmer, A., Allen, S., Bao, A., Guo, H., Stoffel, M., 2021b. The 2020 glacial lake outburst flood at Jinwuco, Tibet: causes, impacts, and implications for hazard and risk assessment. The Cryosphere 15, 3159–3180. https://doi.org/10.5194/tc-15-3159-2021",,
509,2020,2020,8,1,Unknown,Unknown,Not mapped,NA,G094520E30422N,30.421,94.53,3960,30.307,94.622,2540,Deposit,Moraine dammed,N,N,13_9,18,China,TAR,,Unknown,Unknown,Unknown,,,,,,,,,,,,,,,,,,,,,,,,,,,,(This study; Veh et al. 2022),,,
723,2020,2020,8,2,Akpay,Unknown,Not mapped,NA,G074344E42528N,42.533401,74.340159,3710,NA,NA,NA,NA,Moraine dammed,N,N,13_3,4,Kyrgyzstan,,Sokuluk,Unknown,Unknown,Unknown,,,,,,,,,,,,,,,,,,,,,,,,,,,,(this study),,,
765,2020,2020,9,NA,Unnamed,Unnamed,GL076006E33937N,"2, 3, 4",G076004E33925N,33.944806,76.021972,4210,33.914605,76.074479,3695,Deposit,Moraine dammed,N,N,,,India,Jammu and Kashmir,,Unknown,Avalanche,Unknown,,,,,,,,,,,,,,,,,,,,,,,,,,,,(Sattar et al. 2026),"(Sattar, A., Rai, S. K., Alangadan, A., Emmer, A., Dhar, S., Haritashya, U., and Azam, M. F.: Unreported mass movements and future hazard in the Warwan basin, Jammu and Kashmir, Western Himalaya, EGUsphere [preprint], https://doi.org/10.5194/egusphere-2025-6281, 2026.)",,
510,2021,2021,7,4,Bam Tanab ,Bam Tanab ,Ephemeral,NA,G069631E35461N,35.46015,69.63869,4416,35.396,69.694,2109,Observation,Supraglacial,N,N,14_1,8,Afghanistan,Panjshir,Panjshir,Glacier melt,Water level rise,Englacial tunnel,14703,25000,,,,,,,,,,,,,,,,,,,,,,,,,,(This study),,https://www.facebook.com/watch/?extid=NS-UNK-UNK-UNK-IOS_GK0T-GK1C&v=2843144129330850,
511,2021,2021,6,8,Unnamed,Not mapped,Not mapped,NA,NA,36.326525,73.685255,4475,36.31052,73.63792,2646,Observation,Moraine dammed,N,N,14_2,9,Pakistan,Gilgit - Baltistan,Ghizer,Unknown,Unknown,Supraglacial lake drainage,2500,,,,,,,,,,,,,,,,,,+,+,,,,,,,,(This study),,https://twitter.com/pamirtimes/status/1402519181879386114,
512,2021,2021,5,15,Shisper ,Hassanabad I,Ephemeral,NA,G074619E36437N,36.35594,74.572267,2605,36.292162,74.609227,2030,Observation,Ice dammed,N,Y,14_2,9,Pakistan,Gilgit - Baltistan,Hunza,Surging glacier,High temperatures,Subglacial tunnel,400000,,113,,,,,,,,,,,,,,,,,,,,,,,,,(This study),,"reporting by local villagers, documentation from satellite imagery",
513,2021,2021,5,11,Unnamed,Khurdopin ,Ephemeral,NA,G075438E36192N,36.344239,75.474953,3223,36.439939,75.311226,3062,Observation,Ice dammed,N,Y,14_2,9,Pakistan,Gilgit - Baltistan,Hunza,Surging glacier,Unknown,Subglacial tunnel,230000,,,,,,,,,,,,,,,,,,,,,,,,,,,(This study),,"reporting by local villagers, documentation from satellite imagery",
514,2021,2021,8,22,Rumbak,Unnamed,Not mapped,NA,G077422E33993N,33.999709,77.422315,5254,34.07,77.418,3726,Observation,Moraine dammed,Y,N,14_3,10,India,Ladakh,Upper Indus,Unknown,Unknown,Unknown,30000,,,,,,,,,,,,,,,,,,,,,,"3 bridges, roads and communcation lines were damaged; 5 culverts and water mills were washed away",15000,,,,,,https://www.thestatesman.com/india/14-persons-rescued-ladakh-village-glacial-lake-bursts-1502997439.html; https://sandrp.in/2021/08/29/about-landslide-lake-in-uttarakhand-glof-in-ladakh/,
515,2021,2021,6,14,Pemdang Pokhari,Unnamed,GL085514E28131N,2,G085499E28130N,28.131,85.515,4774,28.105,85.544,3648,Deposit,Moraine dammed,Y,N,15_2,11,Nepal,Bagmati,Melamchi,Unknown,Intense rainfall,Unknown,,,,,,25,,,,,,,,1000,,,,,+,+,,,,,,,,"(Maharjan et al., 2021)","Maharjan, S.B., Steiner, J.F., Shrestha, A.B., Maharjan, A., Nepal, S., Shrestha, M., Bajracharya, B., Rasul, G., Shrestha, M., Jackson, M., Gupta, N., 2021. The Melamchi flood disaster: Cascading hazard and the need for multihazard risk management - ICIMOD. ICIMOD, Kathmandu, Nepal.",https://kathmandupost.com/health/2021/06/20/families-displaced-by-melamchi-floods-refuse-covid-19-tests-fearing-separation,"Heavy debris flow as a result; Multiple loss of life, however caused by a number of events including this one"
731,2021,2021,10,5,Chamai,Unknown,GL078837E31908N,"2, 3, 4",G078838E31910N,31.914649,78.840557,5600,31.788377,78.857642,2970,Observation,Moraine dammed,Y,N,14_3,,China,TAR,Langqen Zangbo,Glacier melt,Unknown,"Permafrost thaw, moraine failure",,595000,,,,,,,,,,,,,,,,,,,,,,,,,,"(Ma et al., 2024)","Ma, C., Chen, Y., Hu, K., Cu, C., Dong, J., Lyu, L., 2024. Climate Warming Triggered a Glacial Lake Outburst Flood and Debris Flow Events in an Alpine Watershed, Western Himalayas, Tibet Plateau. Bull Eng Geol Environ 83, 201. https://doi.org/10.1007/s10064-024-03706-w",,
743,2021,2021,NA,NA,Lake Sugat,Baralmos,Ephemeral,NA,G071387E39062N,39.124865,71.365932,3340,39.198271,71.274649,1760,Observation,Supraglacial,N,Y,,,Tajikistan,,Lyakhsh,Unknown,Unknown,Unknown,,,,,,,,,,,,,,,,,,,,,,,,,,,,,,https://www.zora.uzh.ch/id/eprint/278393/1/Thesis_Kharlamova.pdf,
516,2022,2022,5,7,Shisper ,Hassanabad I,Ephemeral,NA,G074619E36437N,36.35594,74.572267,2605,36.292162,74.609227,2030,Observation,Ice dammed,N,Y,14_2,9,Pakistan,Gilgit - Baltistan,Hunza,Surging glacier,High temperatures,Subglacial tunnel,,,,,,,,,,,,,,,,,,,,,,,"Bridge, houses and considerable farmland destroyed",,,,,(This study),,"reporting by local villagers, documentation from satellite imagery",
739,2022,2022,7,NA,Lake Sugat,Baralmos,Ephemeral,NA,G071387E39062N,39.124865,71.365932,3340,39.198271,71.274649,1760,Observation,Supraglacial,N,Y,,,Tajikistan,,Lyakhsh,Unknown,Unknown,Unknown,,,,,,,,,,,,,,,,,,,,,,,,,,,,,,https://www.zora.uzh.ch/id/eprint/278393/1/Thesis_Kharlamova.pdf,
698,2023,2023,10,4,South Lonak,Unnamed,NA,NA,G088155E27898N,27.9121,88.1926,5228,27.24227,88.477092,370,Observation,Moraine dammed,N,N,15_2,12,India,Sikkim,Teesta,Glacier melt,"Intense rainfall, permafrost thaw","Landslide, Moraine failure",,,,,,102,,,,,,,,88400,,,,,579,,1423,,33 bridges; 16 roads and highways,,2210,,,(This study),,,
699,2023,2023,10,30,Thorthormi,Thorthormi,GL090263E28106N,"2, 3, 4",G090278E28132N,28.106,90.263,4451,NA,NA,NA,NA,Moraine dammed,Y,N,15_2,12,Bhutan,Punakha,Pho Chhu ,Glacier melt,Ice avalanche,Moraine collapse,4330000,1980000,,,,,,,,,,,,,,,,,,,,,"Automatic water level station, 2 bridges",,,,,(This study),,"https://www.nchm.gov.bt/attachment/ckfinder/userfiles/files/Re-assessment%20of%20Potentailly%20Dangerous%20Glacial%20Lakes.pdf, https://twitter.com/thebhutanese/status/1719235773684457928?t=sGPUXPsyspkeYHmrt0I0XA&s=19",
740,2023,2023,7,NA,Lake Sugat,Baralmos,Ephemeral,NA,G071387E39062N,39.124865,71.365932,3340,39.198271,71.274649,1760,Observation,Supraglacial,N,Y,,,Tajikistan,,Lyakhsh,Unknown,Unknown,Unknown,,,,,,,,,,,,,,,,,,,,,,,,,,,,,,https://www.zora.uzh.ch/id/eprint/278393/1/Thesis_Kharlamova.pdf,
730,2024,2024,4,21,Birendra Taal,Unknown,GL084628E28596N,"1, 2, 3, 4",G084587E28578N,28.596901,84.631217,3637,28.588927,84.642648,3527,Observation,Moraine dammed,N,N,15_2,11,Nepal,,Gandaki,Unknown,Ice avalanche,Overtopping,,,,,1 bridge destroyed,,,,,,,,,,,,,,,,,,,,,,,(this study),,https://hirisk.org/wp-content/uploads/2024/04/birendraexample-1.pdf,
732,2024,2024,8,12,Dih,Unknown,Not mapped,NA,G075111E36792N,36.809967,75.114381,4600,36.865169,75.105954,3500,Observation,Moraine dammed,N,Y,14_2,,Pakistan,Gilgit - Baltistan,Hunza,Unknown,Unknown,Unknown,,,,,,,,,,,,,,,,,,,,,,,,,,,,(this study),,https://hirisk.org/wp-content/uploads/2024/06/RHA_PK2_DihGLOF.pdf,
733,2024,2024,8,16,Tomutse Lake,Thyangbo,GL086573E27827N,"1, 2, 3, 4",G086562E27837N,27.826109,86.570105,4800,27.83059,86.659281,3610,Observation,Moraine dammed,N,N,15_2,,Nepal,,Dudh Koshi,Unknown,"Intense rainfall, melt",Unknown,45000,340000,966,,,,,,,,,,,135,,,,,13,2,10,,1school destroyed; 1 health facility destroyed; 1 Steel truss bridge partially damaged; 1 electricity dam partially damaged,,,,,(this study),,"https://www.stimson.org/wp-content/uploads/2024/09/DHM-Report-on-the-Thame-GLOF_23Aug_English-Stimson-translated_public.pdf, https://lib.icimod.org/records/8g9ze-1r153",
734,2024,2024,8,30,Unknown,Shazore,GL072176E35781N,"1, 2, 3, 4",G072176E35771N,35.780972,72.175989,4200,35.527475,72.23027,2280,Observation,Moraine dammed,N,N,14_2,,Pakistan,Khyber Pakhtunkhwa,,Unknown,Intense rainfall,"Subglacial tunnel, overtopping",,,,,,,,,,,,,,,,,,,,,,,,,,,,(this study),,,
735,2024,2024,3,29,Ghulkin,Ghulkin,Ephemeral,NA,G074783E36426N,36.416574,74.874775,2692,NA,NA,NA,NA,Supraglacial,N,Y,14_2,7,Pakistan,Gilgit - Baltistan,Hunza,Unknown,"Intense rainfall, and later slowly getting warmer",Unknown,,,,,,,,,,,,,,,,,,,,,,,"4 water channels, 2 pipelines were damaged; blocked the Karakoram High (KKH) in Hussaini Gojal Hunza",,,,,(this study),,https://www.facebook.com/pamirtimes/videos/1141178993554468,
741,2024,2024,7,NA,Lake Sugat,Baralmos,Ephemeral,NA,G071387E39062N,39.124865,71.365932,3340,39.198271,71.274649,1760,Observation,Supraglacial,N,Y,,,Tajikistan,,Lyakhsh,Unknown,Unknown,Unknown,,,,,,,,,,,,,,,,,,,,,,,,,,,,,,https://www.zora.uzh.ch/id/eprint/278393/1/Thesis_Kharlamova.pdf,
737,2025,2025,5,15,Til,Unknown,Not mapped,NA,NA,30.241326,81.45259,5360,30.202905,30.202905,3570,Observation,Thermokarst,N,N,15_1,11,Nepal,Karnali,Karnali,Unknown,"Thaw, snow melt",Subglacial tunnel,,,,,,,,,,,,,,32,,,,,,,,,,,,,,(this study),,https://kathmandupost.com/karnali-province/2025/05/19/landslide-flood-displace-eighteen-families-in-humla,
738,2025,2025,6,13,Taghanak,Unknown,GL069444E35492N,"2, 3, 4",G069440E35482N,35.490815,69.444956,4197,35.648346,69.394208,1760,Observation,Thermokarst,N,N,,,Afghanistan,Andarab,,Unknown,Unknown,Subglacial tunnel,,,,,,,,,,,,,,,,,,,,,,,,,,,,(this study),,https://www.linkedin.com/posts/fayez-azizi-%D9%81%D8%A7%DB%8C%D8%B2-%D8%B9%D8%B2%DB%8C%D8%B2%DB%8C-1a744123b_glof-debris-glof-activity-7339297120807493632-wJwo?utm_source=share&utm_medium=member_desktop&rcm=ACoAAC220e0BhVbjUp-sC3yUdCfOXQdAXIAef9o,
758,2025,2025,6,24,NA,Unknown,Not mapped,NA,G072387E35842N,35.846222,72.382147,4921,35.906303,72.330689,3600,Deposit,Moraine dammed,N,N,,,Pakistan,Khyber Pakhtunkhwa,Kabul,Melt,Melt,Unknown,70000,,,,,,,,,,,,,,,,,,,,,,,,,,,(this study),,https://hirisk.org/wp-content/uploads/2025/07/RHA_PK4_LuspurGLOF.pdf,
759,2025,2025,7,8,Ephemeral,Purepu,Not mapped,NA,G085639E28412N,28.399286,85.648152,5160,27.972413,85.184034,611,Observation,Supraglacial,Y,N,,,China,TAR,,Melt,Melt,Englacial tunnel,638000,,,,,28,,,,,,,,,,,,,,,,,,,,,,(this study),,https://hirisk.org/wp-content/uploads/2025/07/RHA_CN1_PurepuGLOF-2.pdf,
760,2025,2025,6,27,NA,Takyrtor,Not mapped,NA,G074815E42567N,42.575186,74.818683,3615,42.665488,74.863447,1700,Observation,Moraine dammed,N,N,,,Kyrgyzstan,,,Unknown,Unknown,Subglacial tunnel,,,,,,,,,,,,,,,,,,,,,,,,,,,,(this study),,,
761,2025,2025,6,14,Lake Sugat,Baralmos,Ephemeral,NA,G071387E39062N,39.124865,71.365932,3340,39.198271,71.274649,1760,Observation,Supraglacial,N,Y,,,Tajikistan,,Lyakhsh,Unknown,Unknown,Unknown,,,,,road blocked,,,,,,,,,,,,,,,,,,,,,,,(this study),,,
762,2025,2025,7,8,NA,Unnamed,Not mapped,NA,G083827E29287N,29.287763,83.819932,5900,29.102031,83.973448,3380,Observation,Ice dammed,N,N,,,Nepal,Gandaki,Kali Gandaki,Unknown,Unknown,Subglacial tunnel,16000,,,,4 bridges destroyed,,,,,,,,,,,,,,,,,,,,,100000,,(this study),,https://myrepublica.nagariknetwork.com/news/flood-sweeps-away-four-bridges-damages-two-in-upper-mustang-90-49.html,
763,2025,2025,8,10,Lake Sugat,Baralmos,Ephemeral,NA,G071387E39062N,39.124865,71.365932,3340,39.198271,71.274649,1760,Observation,Supraglacial,N,Y,,,Tajikistan,,Lyakhsh,Unknown,Unknown,Unknown,,,,,"Blocked Surkhob River for ~2–2.5 hours, washed away road for 500 m",,,,,,,,,,,,,,,,,,,,,,,(this study),,,
764,2025,2025,8,22,Unnamed,Unnamed,Ephemeral,NA,G073624E36145N,36.144937,73.623213,4770,36.226341,73.53159,2120,Observation,Thermokarst,N,N,,,Pakistan,Gilgit - Baltistan,Ghizer,Unknown,Unknown,Moraine collapse,,,,,,,,,,,,,,,,,,,70,,,,,,,,,(this study),,,
